Default,1,,,
,,,,
Row Labels,Count of Default,,,
Full-time,6024,255347,0.023591427,2.359142657
Part-time,7677,255347,0.03006497,3.006497041
Self-employed,7302,255347,0.028596381,2.859638061
Unemployed,8650,255347,0.033875471,3.387547142
Grand Total,29653,,,
